ship,transshipment_cost,storage_cost,berth_time,alpha,beta,weighted_contribution
0,2.43397e+06,5462,14.9963,1,20000,2.73936e+06
1,3.25881e+06,4258,29.8138,1,20000,3.85934e+06
2,4.62551e+06,5876,34.1462,1,20000,5.31431e+06
3,1.81266e+06,2892,13.9617,1,20000,2.09479e+06
4,3.76793e+06,6896,25.3916,1,20000,4.28266e+06
