ship,k,value
0,0,0.746876
0,1,0.813165
0,2,0.848482
1,0,0.816524
1,1,0.771924
1,2,0.823412
2,0,0.677793
2,1,0.852534
2,2,0.845872
3,0,0.684226
3,1,0.640368
3,2,0.729274
4,0,0.685955
4,1,0.733835
4,2,0.745913
5,0,0.654336
5,1,0.7123
5,2,0.687986
6,0,0.783652
6,1,0.764451
6,2,0.680622
7,0,0.612815
7,1,0.624114
7,2,0.736271
