ship,k,e_sk
0,0,135
0,1,155.812
0,2,144.018
1,0,6.77701
1,1,4
1,2,11.6008
2,0,116
2,1,120.868
2,2,126.768
3,0,16.695
3,1,24.9087
3,2,9
4,0,111.655
4,1,99
4,2,120.792
5,0,95.1432
5,1,100.101
5,2,89
6,0,4
6,1,7.20825
6,2,12.7148
7,0,36.1652
7,1,23.4069
7,2,13
8,0,66
8,1,76.1144
8,2,89.8614
9,0,67.6951
9,1,62
9,2,75.8812
10,0,72.6835
10,1,65.9243
10,2,56
11,0,58.6279
11,1,61.8276
11,2,56
12,0,103.173
12,1,91
12,2,97.2854
