ship,k,value
0,0,0.612076
0,1,0.706212
0,2,0.786201
1,0,0.657903
1,1,0.616277
1,2,0.641472
2,0,0.787148
2,1,0.73685
2,2,0.725911
3,0,0.81544
3,1,0.859858
3,2,0.647916
4,0,0.82434
4,1,0.664754
4,2,0.745411
