ship,k,value
0,0,0.836751
0,1,0.75738
0,2,0.744257
1,0,0.831064
1,1,0.669572
1,2,0.858821
2,0,0.652478
2,1,0.766677
2,2,0.692331
3,0,0.866622
3,1,0.640045
3,2,0.678751
4,0,0.753704
4,1,0.624532
4,2,0.744925
