ship,k,value
0,0,0.636198
0,1,0.805152
0,2,0.849924
1,0,0.621118
1,1,0.732191
1,2,0.730086
2,0,0.771912
2,1,0.81396
2,2,0.726525
3,0,0.617899
3,1,0.648626
3,2,0.779269
4,0,0.724062
4,1,0.842683
4,2,0.740388
5,0,0.863808
5,1,0.848032
5,2,0.8536
