ship,k,value
0,0,0.636044
0,1,0.663941
0,2,0.646848
1,0,0.655353
1,1,0.727528
1,2,0.654141
2,0,0.818207
2,1,0.671383
2,2,0.618419
3,0,0.751572
3,1,0.835453
3,2,0.748776
4,0,0.778834
4,1,0.638591
4,2,0.736045
5,0,0.822665
5,1,0.724197
5,2,0.80944
6,0,0.632196
6,1,0.70411
6,2,0.645956
