ship,k,value
0,0,0.821404
0,1,0.808408
0,2,0.645908
1,0,0.665816
1,1,0.810814
1,2,0.798632
2,0,0.839496
2,1,0.818771
2,2,0.690623
3,0,0.614645
3,1,0.685099
3,2,0.683831
