ship,k,value
0,0,0.685678
0,1,0.766552
0,2,0.633972
1,0,0.8517
1,1,0.765923
1,2,0.814107
2,0,0.803946
2,1,0.734847
2,2,0.745419
3,0,0.729224
3,1,0.644466
3,2,0.659496
4,0,0.747182
4,1,0.838413
4,2,0.843989
5,0,0.803512
5,1,0.626633
5,2,0.805851
6,0,0.716339
6,1,0.730723
6,2,0.659869
7,0,0.782113
7,1,0.616678
7,2,0.821668
8,0,0.716174
8,1,0.622312
8,2,0.756262
9,0,0.804051
9,1,0.779958
9,2,0.682251
10,0,0.69062
10,1,0.835831
10,2,0.675537
