ship,k,value
0,0,0.755998
0,1,0.728359
0,2,0.646508
1,0,0.812706
1,1,0.630483
1,2,0.844091
2,0,0.778676
2,1,0.82309
2,2,0.686374
3,0,0.759144
3,1,0.753295
3,2,0.655377
4,0,0.71818
4,1,0.758142
4,2,0.772342
5,0,0.699856
5,1,0.681539
5,2,0.833549
6,0,0.732397
6,1,0.82446
6,2,0.641116
7,0,0.716682
7,1,0.698866
7,2,0.852184
8,0,0.6185
8,1,0.706353
8,2,0.829656
