ship,k,value
0,0,0.624031
0,1,0.775219
0,2,0.83659
1,0,0.625637
1,1,0.615654
1,2,0.724843
2,0,0.672762
2,1,0.700252
2,2,0.787044
