ship,k,value
0,0,0.646956
0,1,0.781859
0,2,0.726703
1,0,0.77513
1,1,0.839696
1,2,0.834718
2,0,0.647757
2,1,0.750569
2,2,0.849637
