ship,transshipment_cost,storage_cost,berth_time,alpha,beta,weighted_contribution
0,2.72689e+06,5267,21.1707,1,20000,3.15557e+06
1,1.13159e+06,2947,8.66642,1,20000,1.30787e+06
2,1.40104e+06,3107,8.76379,1,20000,1.57942e+06
3,2.84801e+06,4993,22.8594,1,20000,3.31019e+06
4,1.88149e+06,2882,16.558,1,20000,2.21553e+06
5,4.3008e+06,4862,33.4304,1,20000,4.97427e+06
